Ordinal_Order,Date_range,Midate,Polling organisation,Sample size,NAT,LAB,GRN,ACT,NZF,TPM,TOP,Others
1,14-Oct-23,14/10/2023,2023 election result,2884111,38.08,26.92,11.61,8.64,6.09,3.08,2.22,3.36
2,1–6 Nov 2023,04/11/2023,Taxpayers' Union-Curia,1000,37,28.3,13.8,8.1,6,3.4,2.9,3.7
3,30 Oct – 26 Nov 2023,13/11/2023,Roy Morgan,920,37.5,21,12.5,12.5,8,2.5,3.5,2.5
4,27 Nov – 17 Dec 2023,07/12/2023,Roy Morgan,947,36,22,15.5,9.5,6,5,4,2
5,8–10 Jan 2024,09/01/2024,Taxpayers' Union-Curia,1000,41,28.4,9.5,7.8,5.6,3.6,0,0
6,8–28 Jan 2024,18/01/2024,Roy Morgan,947,38,22,15.5,7.5,6,4.5,4.5,2
7,1–7 Feb 2024,04/02/2024,Taxpayers' Union-Curia,1000,39.6,27.9,9,13.7,5,2.3,0,2.5
8,29 Jan – 25 Feb 2024,12/02/2024,Roy Morgan,935,35.5,21.5,15.5,12,7.5,4,2.5,1.5
9,10–14 Feb 2024,12/02/2024,1 News-Verian,1002,38,28,12,8,6,3.7,1.9,2.6
10,3–5 Mar 2024,04/03/2024,Taxpayers' Union-Curia,1000,37.4,25.3,11.3,10,7.4,2.5,2.1,4
11,1–10 Mar 2024,06/03/2024,Talbot Mills,1000,38,28,14,8,6,0,0,0
12,26 Feb – 24 Mar 2024,11/03/2024,Roy Morgan,931,38,23,13.5,11.5,6.5,3.5,2.5,1
13,2–4 Apr 2024,03/04/2024,Taxpayers' Union-Curia,1000,37.1,25.7,14.6,7.2,6.3,4.6,1.6,3
14,25 Mar – 21 Apr 2024,09/04/2024,Roy Morgan,934,36.5,24.5,13,11,5.5,5.5,2,2
15,20–24 Apr 2024,22/04/2024,1 News-Verian,1000,36,30,14,7,4.2,3.7,1.2,3.7
16,22 Apr – 19 May 2024,06/05/2024,Roy Morgan,925,33.5,30,14,9.5,5.5,3,3,1.5
17,5–7 May 2024,06/05/2024,Taxpayers' Union-Curia,1000,37.3,30,10.2,9.4,5.5,3.1,1.4,3.1
18,4–6 Jun 2024,05/06/2024,Taxpayers' Union-Curia,1000,35.4,29.4,12.7,9.7,5.6,4,0.8,2.4
19,27 May – 23 Jun 2024,10/06/2024,Roy Morgan,930,35,27.5,14.5,9,5.5,3.5,2.5,2.5
20,15–19 Jun 2024,17/06/2024,1 News-Verian,1002,38,29,13,7,6,3.3,1.5,2.1
21,4–8 Jul 2024,06/07/2024,Taxpayers' Union-Curia,1000,37.6,25.9,12.5,9.1,7.3,3.5,2.4,1.8
22,24 Jun – 21 Jul 2024,08/07/2024,Roy Morgan,930,32.5,24,14,11,6.5,6,4.5,1.5
23,29 Jul – 25 Aug 2024,12/08/2024,Roy Morgan,898,36,26.5,13,9.5,7.5,3.5,2.5,1.5
24,10–14 Aug 2024,12/08/2024,1 News-Verian,1001,38,30,11,7,6,4.2,1.1,2.8
25,26 Aug – 22 Sep 2024,09/09/2024,Roy Morgan,902,37.5,23,14,10,7.5,4,2.5,1.5
26,8–10 Sep 2024,09/09/2024,Taxpayers' Union-Curia,1000,39,26.7,11,8.8,6.8,5,1.1,2.4
27,3–7 Oct 2024,05/10/2024,Taxpayers' Union-Curia,1000,34.9,30.3,10.4,9.7,7.6,3,2.5,1.6
28,23 Sep – 20 Oct 2024,06/10/2024,Roy Morgan,883,31,29,14,9,7,5,2,3
29,5–9 Oct 2024,07/10/2024,1 News-Verian,1000,37,29,12,8,5,3.8,2.6,2.3
30,6–10 Nov 2024,08/11/2024,Taxpayers' Union-Curia,1000,38.8,31.5,9.3,8.5,6.5,2.5,0.9,2.1
31,28 Oct – 24 Nov 2024,12/11/2024,Roy Morgan,866,28.5,28,13.5,9,6.5,9,3.5,2
32,26–27 Nov 2024,27/11/2024,The Post/Freshwater Strategy,1150,34,31,13,8,6,4,0,0
33,30 Nov – 4 Dec 2024,02/12/2024,1 News-Verian,1006,37,29,10,8,6,7,1.5,2
34,1–3 Dec 2024,02/12/2024,Taxpayers' Union-Curia,1000,34.2,26.9,8.3,13,5.4,5.5,1.1,2.2
35,25 Nov – 15 Dec 2024,10/12/2024,Roy Morgan,885,31,26,13.5,13,7.5,5.5,1,2.5
36,9–13 Jan 2025,11/01/2025,Taxpayers' Union-Curia,1000,29.6,30.9,9.5,10.8,8.1,5.3,2.1,3.7
37,2–26 Jan 2025,15/01/2025,Roy Morgan,885,32.5,28.5,11.5,9,8.5,6.5,1.5,2
38,7–27 Jan 2025,17/01/2025,Talbot Mills,1049,33,34,12,9,5.2,4.6,0,0
39,2–4 Feb 2025,03/02/2025,Taxpayers' Union-Curia,1000,31.9,31.3,13.2,10,6.4,4.4,0.5,2.2
40,3–7 Feb 2025,05/02/2025,1 News-Verian,1002,34,33,10,9,5,3.7,1.9,3.6
41,27 Jan – 23 Feb 2025,10/02/2025,Roy Morgan,888,30.5,29,15.5,11,6,3,2.5,2.5
42,2–4 Mar 2025,03/03/2025,Taxpayers' Union-Curia,1000,33.6,34.1,10,7.7,5.1,6.5,0.5,2.5
43,1–10 Mar 2025,06/03/2025,Talbot Mills,1003,31,34,10,10,6.1,4.4,0,0
44,24 Feb – 23 Mar 2025,10/03/2025,Roy Morgan,888,32.5,27.5,14.5,7.5,7,5.5,4,1.5
45,21–27 Mar 2025,24/03/2025,RNZ-Reid Research,1000,32.9,32.3,10,9.4,7.2,5,1.8,0
46,29 Mar – 1 Apr 2025,31/03/2025,Taxpayers' Union-Curia,1000,33.5,29.8,11,10,7.4,4.3,1.5,1.4
47,29 Mar – 2 Apr 2025,01/04/2025,1 News-Verian,1000,36,32,10,9,7,3.4,2.1,1.3
48,24 Mar – 20 Apr 2025,08/04/2025,Roy Morgan,829,31,28.5,14,9,9,4.5,2.5,1.5
49,30 Apr – 4 May 2025,02/05/2025,Taxpayers' Union-Curia,1000,34.6,33.2,9.1,9.5,7.4,3.9,0.5,1.8
50,28 Apr – 25 May 2025,11/05/2025,Roy Morgan,799,31.5,29,11.5,12,6.5,4.5,3,2
51,23–30 May 2025,26/05/2025,RNZ-Reid Research,1008,30.7,33.2,11.6,6.6,9.1,5.5,2.2,1.1
52,24–28 May 2025,26/05/2025,1 News-Verian,1002,34,29,12,8,8,3.7,1.3,3.9
53,2–6 Jul 2025,04/06/2025,Taxpayers' Union-Curia,1000,33.9,31.6,9.4,9.1,9.8,3.5,1.2,1.5
54,7–9 Jun 2025,08/06/2025,Taxpayers' Union-Curia,1000,33.5,34.8,8.2,9.1,6.1,3.3,1.8,3.2
55,26 May – 22 Jun 2025,10/06/2025,Roy Morgan,812,32,28.5,11,11.5,8,5,3,1
56,12–15 Jun 2025,14/06/2025,The Post/Freshwater Strategy,1150,32,34,11,8,8,2,0,4
57,1–10 Jul 2025,05/07/2025,Talbot Mills,1090,32,35,12,8,7,3.8,0,0
58,30 Jun – 27 Jul 2025,13/07/2025,Roy Morgan,832,31,31,11.5,10.5,9.5,3.5,1,2
59,2–6 Aug 2025,04/08/2025,1 News-Verian,1002,34,33,10,8,9,3.7,1.3,1
60,3–5 Aug 2025,04/08/2025,Taxpayers' Union-Curia,1000,31.8,33.6,9.8,8.6,7.8,3.2,2.6,2.6
61,1–10 Aug 2025,06/08/2025,Talbot Mills,1000,32,34,11,8,9.3,4.4,2.8,0
62,28 Jul – 24 Aug 2025,10/08/2025,Roy Morgan,873,29,34,13.5,10.5,7,2.5,3,0.5
63,31 Aug – 2 Sep 2025,01/09/2025,Taxpayers' Union-Curia,1000,33.1,33.8,10.7,6.7,8.1,4.3,1.1,2.2
64,1–10 Sep 2025,06/09/2025,Talbot Mills,1000,31,35,10,7,10,4,0,0
65,4–12 Sep 2025,08/09/2025,RNZ-Reid Research,1000,32.5,34.3,10.9,7.2,8.7,4.1,1.4,0.9
66,25 Aug – 21 Sep 2025,09/09/2025,Roy Morgan,870,31.5,28.5,13.5,9,8,5.5,2.5,1.5
67,1–5 Oct 2025,03/10/2025,Taxpayers' Union-Curia,1000,29.6,31.2,12,6.6,10.6,4.4,1.6,4
68,1–10 Oct 2025,06/10/2025,Talbot Mills,1097,29,35,10,8,12,4,0,0
69,4–8 Oct 2025,06/10/2025,1 News-Verian,1014,34,32,11,8,9,2.8,0.8,2.4
70,3–8 Oct 2025,06/10/2025,The Post/Freshwater Strategy,1050,31,34,9,9,11,3,0,2
71,29 Sep – 26 Oct 2025,11/10/2025,Roy Morgan,857,32,30.5,12,8,9.5,2.5,2.5,3
72,2–6 Nov 2025,04/11/2025,Taxpayers' Union-Curia,1000,30.2,33.3,9.2,8.6,9.1,3.3,1.2,5.1
73,1–10 Nov 2025,06/11/2025,Talbot Mills,1000,33,38,9,7,8,2.4,0,0
74,27 Oct – 23 Nov 2025,10/11/2025,Roy Morgan,829,33,28,14.5,8,9,2,2.5,3
75,29 Nov – 3 Dec 2025,01/12/2025,1 News-Verian,1007,36,35,7,10,9,0.6,0.4,2.4
76,3–7 Dec 2025,05/12/2025,Taxpayers' Union-Curia,1000,30,31.6,10.8,8.9,8.1,3.1,1.6,6
77,25 Nov – 21 Dec 2025,08/12/2025,Roy Morgan,859,33,32.5,12,7.5,10,2.5,2.5,0
78,5–10 Dec 2025,08/12/2025,The Post/Freshwater Strategy,1031,30,38,8,8,9,2,0,4
79,6–26 Jan 2026,16/01/2026,Roy Morgan,881,34.5,30.5,10.5,8.5,9,3,2.5,1.5
80,14–18 Jan 2026,16/01/2026,Taxpayers' Union-Curia,1000,31.5,34.4,7.7,7,11.9,3,0.7,3.8
81,15–22 Jan 2026,19/01/2026,RNZ-Reid Research,1000,31.9,35,9.6,7.6,9.8,3,2.3,0.9
82,16–26 Jan 2026,21/01/2026,Talbot Mills,1087,31,35,10,8,9,3,0,0
83,1–3 Feb 2026,02/02/2026,Taxpayers' Union-Curia,1000,31.3,34.1,10.3,6.7,10.5,2.9,1.4,4.2
84,6–12 Feb 2026,09/02/2026,The Post/Freshwater Strategy,1039,30,37,10,6,11,2,0,3
85,7–11 Feb 2026,09/02/2026,1 News-Verian,1003,34,32,11,9,10,2,1,1.7
86,27 Jan – 22 Feb 2026,10/02/2026,Roy Morgan,870,31,30,14.5,8,9.5,2.5,4,0.5
87,1–3 Mar 2026,02/03/2026,Taxpayers' Union-Curia,1000,28.4,34.4,10.5,7.5,9.7,3.2,1.9,4.3
88,2–12 Mar 2026,07/03/2026,Talbot Mills,1059,32,35,11,7,11,1.7,2.4,0
89,23 Feb – 22 Mar 2026,09/03/2026,Roy Morgan,872,26.5,34,11,10,11,3,4,0.5
90,12–20 Mar 2026,16/03/2026,RNZ-Reid Research,1000,30.8,35.6,10.1,7,10.6,3.2,2,0.7
91,1–2 Apr 2026,02/04/2026,Taxpayers' Union-Curia,1000,29.8,33.4,7.8,9,13.6,2.6,2.6,1.3
92,30 Mar – 26 Apr 2026,13/04/2026,Roy Morgan,887,25.5,34,11,10.5,11.5,3,4,0.5
93,11–15 Apr 2026,13/04/2026,1 News-Verian,1010,30,37,11,7,10,1.5,3.3,1.2
94,16-Apr-26,16/04/2026,Talbot Mills,1082,29,36,7,8,15,1.9,2.3,0
95,3–7 May 2026,05/05/2026,Taxpayers' Union-Curia,1000,30,31.9,9.7,6.5,11.7,4.1,2.8,3.3
96,27 Apr – 24 May 2026,11/05/2026,Roy Morgan,870,30.5,26.5,12.5,10,11,2.5,6,1
97,1–10 Jun 2026,06/06/2026,Talbot Mills,1021,29,34,13,6,12,2.6,3.3,0
98,4–8 Jun 2026,06/06/2026,Taxpayers' Union-Curia,1000,30.1,32.2,11.5,7.8,11.4,3.1,3.2,0.8
99,25 May – 21 Jun 2026,08/06/2026,Roy Morgan,891,31,25.5,13.5,9.5,10.5,3,6.5,0.5
100,5–11 Jun 2026,08/06/2026,The Post/Freshwater Strategy,1038,29,35,10,8,12,2,0,0
101,13–17 Jun 2026,15/06/2026,1 News-Verian,1001,29,32,13,6,11,1.8,4.6,1.5
102,1–5 Jul 2026,03/07/2026,Taxpayers' Union-Curia,1000,30.5,31.5,10.4,6.9,10.8,3.4,3.3,3.2
103,2–9 Jul 2026,06/07/2026,RNZ-Reid Research,1000,28.7,34,10.3,7.8,11.5,2.3,4.7,0.8
104,10–19 Jul 2026,14/07/2026,Talbot Mills,1000,31,33,9,7,12,3,4.7,0
105,29 Jun – 26 Jul 2026,15/07/2026,Roy Morgan,881,32,25.5,13.5,8.5,8.5,2,8,2
106,1–4 Aug 2026,03/08/2026,Taxpayers' Union-Curia,"1,000",31,27.8,10.1,7.3,9.1,1.5,6.1,1.1
107,8–11 Aug 2026,10/08/2026,1 News-Verian,847,29,30,12,9,8,1,8,3
108,14-21 Aug 2026,18/08/2026,RNZ-Reid Research,1000,29.1,32.2,10.2,7.7,11.9,3,5.3,0
109,27 Jul – 23 Aug 2026,09/08/2026,Roy Morgan,858,31,24,15.5,10.5,7.5,1.5,9.5,0.5
110,1-3 Sep 2026,02/09/2026,Taxpayers' Union-Curia,1000,29,25.9,13.9,10.5,8.4,2,4.5,5.9
111,4-11 Sep 2026,08/09/2026,The Post/Freshwater Strategy,"1,011",27,28,14,9,13,2,6,2
112,4-10 Sep 2026,07/09/2026,Anacta,"1,701",30,31,12,8,10,2,7,0
113,23–27 Sep 2026,25/09/2026,1 News-Verian,"1,004",28,28,16,11,9,1.2,6,1
